시설명,박물관미술관구분,운영기관전화번호,소재지도로명주소
필암서원 유물전시관,공립,061-390-7224,전라남도 장성군 황룡면 필암서원로 187
원주역사박물관,공립,033-737-4371,강원도 원주시 봉산로 134
뮤지엄산미술관,사립,033-730-9000,강원도 원주시 지정면 오크밸리2길 260
오랜미래신화미술관,사립,033-746-5256,강원도 원주시 문막읍 취병로 711
연세대학교 원주박물관,대학,033-760-2731,강원도 원주시 흥업면 연세대길 1
뮤지엄산박물관,사립,033-730-9000,강원도 원주시 지정면 오크밸리2길 260
뮤지엄산(청조갤러리),사립,033-730-9000,강원도 원주시 지정면 오크밸리 2길 260
치악산 고판화박물관,사립,033-761-7885,강원도 원주시 신림면 물안길 62
남원향토박물관,국립,063-620-5797,전라북도 남원시 양림길 14-9
청도박물관,공립,054-370-2282,경상북도 청도군 이서면 이서로 567
합천박물관,국립,055-930-4882,경상남도 합천군 쌍책면 황강옥전로 1558
합천한의학박물관,사립,055-934-0601,경상남도 합천군 용주면 고품길 42
해인사성보박물관,사립,055-934-3150,경상남도 합천군 가야면 가야산로 1742-17
신풍미술관,사립,054-653-9329,경상북도 예천군 지보면 신풍1리길 50
예천박물관,공립,054-650-8311,경상북도 예천군 감천면 복골길 150
신풍미술관,사립,054-653-9329,경상북도 예천군 지보면 신풍1리길 50
예천박물관,공립,054-650-8311,경상북도 예천군 감천면 복골길 150
인천개항박물관,공립,032-760-7508,인천광역시 중구 신포로 23번길 89
짜장면박물관,공립,032-773-9812,인천광역시 중구 차이나타운로 56-14
영종역사관,공립,032-760-6300,인천광역시 중구 구읍로 63 (중산동)
중구생활사전시관,공립,032-766-2202,인천광역시 중구 신포로 23번길 101
인천개항장 근대건축전시관,공립,032-760-7549,인천광역시 중구 신포로 23번길 77
한중문화관,공립,032-760-7860,인천광역시 중구 제물량로 238
성남아트센터 큐브미술관,공립,031-783-8000,경기도 성남시 분당구 성남대로 808(야탑동 757)
현대어린이책미술관 MOKA,사립,031-5170-3700,경기도 성남시 분당구 판교역로 146번길 20
미누현대미술관,사립,031-754-9696,경기도 성남시 수정구 공원로 360 두산상가빌딩 3층
신구대학교식물원 갤러리 우촌,사립,031-724-1625,경기도 성남시 수정구 적푸리로 9(상적동)
판교박물관,공립,031-729-4535,경기도 성남시 분당구 판교로 191 판교역사공원
신구대학 우촌박물관,사립,031-740-1258,경기도 성남시 중원구 광명로 377
기당미술관,공립,064-733-1586,제주특별자치도 서귀포시 남성중로 153번길 15
신영영화박물관 무비스타,사립,064-805-0008,제주특별자치도 서귀포시 남원읍 태위로 536
초콜릿 박물관,사립,064-792-3121,제주특별자치도 서귀포시 대정읍 일주서로3000번길 144 대정농공단기 내
제주추사관,공립,064-710-6803,제주특별자치도 서귀포시 대정읍 추사로 44
조안베어뮤지엄,사립,064-739-1024,제주특별자치도 서귀포시 대포로 113
소암기념관,공립,064-760-3511,제주특별자치도 서귀포시 물동산길 22
유인미술관,사립,064-731-7791,제주특별자치도 서귀포시 성산읍 고성리 21
김영갑갤러리 (두모악),사립,064-784-9905,제주특별자치도 서귀포시 성산읍 삼달로 137
제주커피박물관 바움,사립,064-784-2255,제주특별자치도 서귀포시 성산읍 서성일로 1168번길 89-17
세계오지민속박물관 (베니스랜드),사립,064-784-6565,제주특별자치도 서귀포시 성산읍 서성일로 474
제주해양과학관 (아쿠아플라넷),사립,064-780-0900,제주특별자치도 서귀포시 성산읍 섭지코지로 93-15
제주항공우주박물관,사립,064-800-2009,제주특별자치도 서귀포시 안덕면 녹차분재로 218
본태박물관,사립,064-792-8108,제주특별자치도 서귀포시 안덕면 산록남로762번길 69
설록차전시관,사립,064-794-5312,제주특별자치도 서귀포시 안덕면 신화역사로 15
제주건강과 성 박물관,사립,064-792-5700,제주특별자치도 서귀포시 안덕면 일주서로 1611
포레스트판타지아,사립,064-794-9680,제주특별자치도 서귀포시 안덕면 일주서로 1836
세계자동차 제주박물관,사립,064-792-3000,제주특별자치도 서귀포시 안덕면 중산간서로 1610
헬로키티아일랜드,사립,064-792-6114,제주특별자치도 서귀포시 안덕면 한창로 340
SOS박물관,사립,064-738-1448,제주특별자치도 서귀포시 월드컵로 31
닥종이인형박물관,사립,064-739-3906,제주특별자치도 서귀포시 월드컵로 33
아프리카 박물관,사립,064-738-6565,제주특별자치도 서귀포시 이어도로 49
이중섭미술관,공립,064-760-3567,제주특별자치도 서귀포시 이중섭로 27-3
박물관은살아있다,사립,064-805-0888,제주특별자치도 서귀포시 중문관광로 42
곰완구전시관 (테디베어뮤지엄),사립,064-738-7600,제주특별자치도 서귀포시 중문관광로110번길 31 중문관광단지내
제주유리박물관,사립,064-792-6262,제주특별자치도 서귀포시 중산간서로 1403
왈종미술관,사립,064-763-3600,제주특별자치도 서귀포시 칠십리로214번길 30
세계조가비박물관,사립,064-762-5551,제주특별자치도 서귀포시 태평로 284
자연사랑 미술관,사립,064-787-3110,제주특별자치도 서귀포시 표선면 가시로613번길 46
제주민속촌,사립,064-787-4501,제주특별자치도 서귀포시 표선면 민속해안로 631-34
세계술박물관,사립,064-787-9500,제주특별자치도 서귀포시 표선면 한마음초등로 431
감귤박물관,사립,064-760-6398,제주특별자치도 서귀포시 효돈순환로 441
박을복자수박물관,사립,02-990-7000,서울특별시 강북구 삼양로 149가길53
무안군오승우미술관,공립,061-450-5482,전라남도 무안군 삼향읍 초의길 7
이천시립월전미술관,공립,031-637-0033,경기도 이천시 경충대로 2709번길 185
이천시립박물관,공립,031-635-8500,경기도 이천시 경충대로 2697번길 172
유엔평화기념관,사립,051-901-1400,부산광역시 남구 홍곡로320번길 106
경성대학교박물관,대학,051-663-5381,부산광역시 남구 수영로 309
부경대학교박물관,대학,051-629-6771,부산광역시 남구 용소로 45
부산시립박물관,공립,051-610-7150,부산광역시 남구 유엔평화로 63
경성대학교미술관,대학,051-663-5361,부산광역시 남구 수영로 309
하남역사박물관,공립,031-790-7915,경기도 하남시 덕풍동로 30
정림사지박물관,공립,041-832-2721,충청남도 부여군 부여읍 정림로 83
예송미술관,공립,02-2147-2810,서울특별시 송파구 백제고분로 242 구민회관 1층
한국광고박물관,사립,02-2144-0116,서울특별시 송파구 올림픽로35길 137 한국광고문화회관 3층
소마미술관,사립,02-425-1077,서울특별시 송파구 올림픽로 424
서울올림픽기념관,사립,02-410-1354,서울특별시 송파구 올림픽로 424
롯데월드민속박물관,사립,1661-2000,서울특별시 송파구 올림픽로 240 호텔롯데 롯데월드
한미사진미술관,사립,02-418-1315,"""서울특별시 송파구 위례성대로14, 한미타워 19.20층"""
한성백제박물관,공립,02-2152-5800,"""서울특별시 송파구 위례성대로71, 한성백제박물관"""
몽촌역사관,공립,02-2152-5900,서울특별시 송파구 올림픽로424
롯데월드아쿠아리움,사립,1661-2000,서울특별시 송파구 올림픽로300
롯데뮤지엄,사립,02-3213-1132,서울특별시 송파구 올림픽로 300
옹기민속박물관,사립,02-900-0900,서울특별시 도봉구 삼양로 574-41
덕성여자대학교 박물관,사립,02-901-8131,서울특별시 도봉구 근화교길 19 덕성여자대학교
산악박물관,사립,02-909-3693,서울특별시 도봉구 도봉산길 86
신평생활사박물관,국립,063-640-4121,전라북도 임실군 신평면 석등슬치로369
조태일 시문학기념관,공립,061-362-5868,전라남도 곡성군 죽곡면 태안로 622-38
거창박물관,공립,055-940-8740,경상남도 거창군 거창읍 수남로 2181
김중업건축박물관,공립,031-687-0909,경기도 안양시 만안구 안양예술공원로103번길 4 (석수동)
안양박물관,공립,031-687-0909,경기도 안양시 만안구 안양예술공원로103번길 4 (석수동)
돌석도예박물관,사립,031-464-7734,경기도 안양시 만안구 병목안로 306
한광미술관,사립,051-469-0095,부산광역시 중구 중앙대로 130 한광빌딩 4층
국립제주박물관,국립,064-720-8000,제주특별자치도 제주시 일주동로 17
민속자연사박물관,공립,064-710-7708,제주특별자치도 제주시 삼성로 40
제주교육박물관,공립,064-752-9101,제주특별자치도 제주시 오복4길 25
신영영화박물관 무비스타,사립,064-805-0008,제주특별자치도 서귀포시 남원읍 태위로 536
제주민속촌,사립,064-787-4501,제주특별자치도 서귀포시 표선면 민속해안로 631-34
제주대학교?박물관,대학,064-754-2242,제주특별자치도 제주시 제주대학교 102
설록차전시관,사립,064-794-5312,제주특별자치도 서귀포시 안덕면 신화역사로 15
제주평화박물관,사립,064-772-2500,제주특별자치도 제주시 한경면 청수서5길 63
감귤박물관,사립,064-760-6398,제주특별자치도 서귀포시 효돈순환로 441
아프리카 박물관,사립,064-738-6565,제주특별자치도 서귀포시 이어도로 49
제주돌박물관,사립,064-710-7731,제주특별자치도 제주시 조천읍 남조로 2023
제주건강과 성 박물관,사립,064-792-5700,제주특별자치도 서귀포시 안덕면 일주서로 1611
파파월드,사립,064-799-7272,제주특별자치도 제주시 애월읍 평화로 2157
해녀박물관,사립,064-782-9898,제주특별자치도 제주시 구좌읍 해녀박물관길 26
세계자동차 제주박물관,사립,064-792-3000,제주특별자치도 서귀포시 안덕면 중산간서로 1610
테마공원 선녀와나무꾼,사립,064-784-9004,제주특별자치도 제주시 조천읍 선교로 267
조안베어뮤지엄,사립,064-739-1024,제주특별자치도 서귀포시 대포로 113
김만덕기념관,공립,064-759-6090,제주특별자치도 제주시 산지로 7(건입동)
초콜릿 박물관,사립,064-792-3121,제주특별자치도 서귀포시 대정읍 일주서로3000번길 144 대정농공단기 내
곰완구전시관 (테디베어뮤지엄),사립,064-738-7600,제주특별자치도 서귀포시 중문관광로110번길 31 중문관광단지내
제주유리박물관,사립,064-792-6262,제주특별자치도 서귀포시 중산간서로 1403
제주4.3 평화기념관,사립,064-710-8435,제주특별자치도 제주시 명림로 430
설문대여성문화센터여성역사문화전시관,공립,064-710-4246,제주특별자치도 제주시 선덕로8길 12
세계조가비박물관,사립,064-762-5551,제주특별자치도 서귀포시 태평로 284
메이즈 뮤지움,사립,064-784-3838,제주특별자치도 제주시 구좌읍 비자림로 2134-47
다희연 티 뮤지엄,사립,064-782-0005,제주특별자치도 제주시 조천읍 선교로 117
제주해양과학관 (아쿠아플라넷),사립,064-780-0900,제주특별자치도 서귀포시 성산읍 섭지코지로 93-15
SOS박물관,사립,064-738-1448,제주특별자치도 서귀포시 월드컵로 31
본태박물관,사립,064-792-8108,제주특별자치도 서귀포시 안덕면 산록남로762번길 69
넥슨컴퓨터 박물관,사립,064-745-1994,제주특별자치도 제주시 1100로 3198-8
헬로키티아일랜드,사립,064-792-6114,제주특별자치도 서귀포시 안덕면 한창로 340
제주항공우주박물관,사립,064-800-2009,제주특별자치도 서귀포시 안덕면 녹차분재로 218
한울랜드뮤지엄,사립,064-783-5788,제주특별자치도 제주시 구좌읍 동백로 458
세계오지민속박물관 (베니스랜드),사립,064-784-6565,제주특별자치도 서귀포시 성산읍 서성일로 474
제주커피박물관 바움,사립,064-784-2255,제주특별자치도 서귀포시 성산읍 서성일로 1168번길 89-17
닥종이인형박물관,사립,064-739-3906,제주특별자치도 서귀포시 월드컵로 33
세계술박물관,사립,064-787-9500,제주특별자치도 서귀포시 표선면 한마음초등로 431
기당미술관,공립,064-733-1586,제주특별자치도 서귀포시 남성중로 153번길 15
이중섭미술관,공립,064-760-3567,제주특별자치도 서귀포시 이중섭로 27-3
김영갑갤러리 (두모악),사립,064-784-9905,제주특별자치도 서귀포시 성산읍 삼달로 137
자연사랑 미술관,사립,064-787-3110,제주특별자치도 서귀포시 표선면 가시로613번길 46
러브랜드 미술관,사립,064-712-6988,제주특별자치도 제주시 1100로 2894-72
제주 현대미술관,공립,064-710-7801,제주특별자치도 제주시 한경면 저지14길 35 외 3필지
돌하르방공원,사립,064-782-0570,제주특별자치도 제주시 조천읍 북촌서1길 70
포레스트판타지아,사립,064-794-9680,제주특별자치도 서귀포시 안덕면 일주서로 1836
제주도립 김창열미술관,공립,064-710-4141,제주특별자치도 제주시 한림읍 용금로 883-5
제주 유리의 성,사립,064-772-7777,제주특별자치도 제주시 한경면 녹차분재로 462
소암기념관,공립,064-760-3511,제주특별자치도 서귀포시 물동산길 22
제주 도립미술관,공립,064-710-4300,제주특별자치도 제주시 1100로 2894-78
제주추사관,공립,064-710-6803,제주특별자치도 서귀포시 대정읍 추사로 44
박물관은살아있다,사립,064-805-0888,제주특별자치도 서귀포시 중문관광로 42
그리스신화박물관,사립,064-773-5800,제주특별자치도 제주시 한림읍 광산로 942
왈종미술관,사립,064-763-3600,제주특별자치도 서귀포시 칠십리로214번길 30
성안미술관,사립,064-729-9175,제주특별자치도 제주시 중앙로 470
아라리오뮤지엄,사립,064-720-8250,제주특별자치도 제주시 탑동로 14
유인미술관,사립,064-731-7791,제주특별자치도 서귀포시 성산읍 고성리 21
경북대학교 박물관,대학,053-950-6537,대구광역시 북구 대학로 80(산격동)
대구보건대학교 인당박물관,대학,053-320-1857,대구광역시 북구 영송로 15(태전동)
경북대학교 미술관,대학,053-950-7968,대구광역시 북구 대학로 80(산격동)
백제문화체험박물관,공립,041-940-4871,충청남도 청양군 대치면 장곡길 43-24
계명대학교 행소박물관,대학,053-580-6992,대구광역시 달서구 달구벌대로 1095
소래역사관,공립,032-460-0591,인천광역시 남동구 아암대로 1605
애보박물관,사립,032-466-3181,인천광역시 남동구 만의골로 71
한국전통음식박물관,사립,032-466-3181,인천광역시 남동구 만의골로 71
규남박물관,사립,070-4233-9060,전라남도 화순군 이서면 백아로 3109
다산미술관,사립,061-371-3443,전라남도 화순군 남면 다공길 25
소소미술관,사립,061-375-1995,전라남도 화순군 도곡면 지강로 467-1
소아르미술관,사립,061-371-8585,전라남도 화순군 화순읍 화보로 4439-10
교동아트미술관,사립,063-287-1245,전라북도 전주시 완산구 경기전길89
전주미술관,사립,063-283-8887,전라북도 전주시 완산구 기린대로 85 르윈호텔 B1
누벨벡미술관,사립,063-222-7235,전라북도 전주시 완산구 홍산북로 29-5
예깊미술관,사립,063-911-2207,전라북도 군산시 대학로 64 에이팩스 빌딩 2층
이당미술관,사립,063-446-5903,전라북도 군산시 구영 6길 108번지
익산예술의전당 미술관,공립,1577-0072,전라북도 익산시 동서로 490
W미술관,사립,063-835-3033,전라북도 익산시 어양동 동서로 504
정읍시립미술관,공립,063-539-7114,전라북도 정읍시 시기 4길 7
수지미술관,사립,063-631-1009,전라북도 남원시 수지면 물머리로 525
예가람길 미술관,사립,063-632-0080,전라북도 남원시 동헌길 84
전라북도도립미술관,공립,063-280-2114,전라북도 완주군 구이면 모악산길 111-6
VM(비주얼 미디어)아트 미술관,사립,070-8915-8123,전라북도 완주군 삼례읍 삼례역로 81-13
최북미술관,공립,063-320-2114,전라북도 무주군 무주읍 최북로 15
금구원야외조각미술관,사립,063-584-6770,전라북도 부안군 변산면 조각공원길 31
휘목미술관,사립,063-584-0006,전라북도 부안군 진서면 운호길 10
국립전주박물관,공립,063-223-5651,전라북도 전주시 완산구 쑥고개로 249
미륵사지유물전시관,공립,063-830-0900,전라북도 익산시 금마면 미륵사지로 362
전주역사박물관,공립,063-228-6485,전라북도 전주시 완산구 쑥고개로 259
익산보석박물관,공립,063-859-4641,전라북도 익산시 왕궁면 호반로 8
남원향토박물관,공립,063-620-6792,전라북도 남원시 양림길 14-9
벽골제농경문화박물관,공립,063-540-4989,전라북도 김제시 부량면 벽골제로 442
고창판소리박물관,공립,063-560-8061,전라북도 고창군 고창읍 동리로 100
전주전통술박물관,공립,063-287-6305,전라북도 전주시 완산구 한지길 74
왕궁리유적전시관,공립,063-859-4631,전라북도 익산시 왕궁면 궁성로 666
어진박물관,공립,063-231-0190,전라북도 전주시 완산구 태조로 44
청자박물관,공립,063-580-3964,전라북도 부안군 보안면 청자로 1493
군산근대역사박물관,공립,063-454-7870,전라북도 군산시 해망로 240
동학농민혁명기념관,공립,063-536-1894,전라북도 정읍시 덕천면 동학로 742
전라북도산림박물관,공립,063-652-6792,전라북도 순창군 복흥면 추령로 1777
진안역사박물관,공립,063-430-8086,전라북도 진안군 진안읍 내사양길 7
익산 마한박물관,공립,063-859-4633,전라북도 익산시 금마면 고도 9길 41-14
정읍시립박물관,공립,063-539-6792,전라북도 정읍시 내장산로 370-12
순창장류박물관,공립,063-650-1627,전라북도 순창군 순창읍 장류로 43
원불교역사박물관,사립,063-850-3240,전라북도 익산시 익산대로 501
원숭이자연사박물관,사립,063-584-0708,전라북도 부안군 상서면 부안로 1783
전주한지박물관,사립,063-210-8103,전라북도 전주시 덕진구 팔복로 59
예수병원의학박물관,사립,063-230-8778,전라북도 전주시 완산구 서원로 365
카메라영상박물관,사립,063-560-6600,전라북도 완주군 소양면 신교응암길 14
연안이씨종중문적(보물651호)박물관,사립,063-852-7277,전라북도 익산시 삼기면 기산리 332-1번지
완주책박물관,사립,070-8915-8131,전라북도 완주군 삼례읍 후정리 247-1
전북대학교박물관,대학,063-270-3488,전라북도 전주시 덕진구 백제대로 567
전주대학교박물관,대학,063-220-2159,전라북도 전주시 완산구 효자동3가 120
군산대학교박물관,대학,063-469-4191,전라북도 군산시 미룡동 1170
원광대학교박물관,대학,063-850-5482,전라북도 익산시 익산대로 460
일본군''위안부''역사관,사립,031-768-0064,경기도 광주시 퇴촌면 가새골길 85
영은미술관,사립,031-761-0137,경기도 광주시 청석로 300
닻미술관,사립,031-798-2581,경기도 광주시 초월읍 진새골길 184
만해기념관,사립,031-744-3100,경기도 광주시 남한산성로792번길 24-7
사람박물관 얼굴,사립,031-765-3522,경기도 광주시 남종면 분원길 3-6
풀짚공예박물관,사립,031-717-4538,경기도 광주시 오포읍 문형산길 76
백제군사박물관,공립,041-746-8432,충청남도 논산시 부적면 충곡로 311-54
세종특별자치시립 민속박물관,공립,044-300-8831,세종특별자치시 전의면 금사길75
교과서박물관,사립,044-300-8831,세종특별자치시 연동면 청연로 492-14
뒤웅박고을,사립,044-868-7007,세종특별자치시 전동면 베일길 90-43
연기향토박물관,사립,044-862-7449,세종특별자치시 연서면 양대길 34-4
산림박물관,공립,044-850-2686,세종특별자치시 금남면 산림박물관길 110
국립조세박물관,국립,044-204-4646,세종특별자치시 국세청로 8-14
남도향토음식박물관,공립,062-410-6638,광주광역시 북구 설죽로 477
대성동고분박물관,공립,055-330-6881,경상남도 김해시 가야의 길 126
클레이아크 김해미술관,공립,055-340-7000,경상남도 김해시 진례면 진례로 275-51
고구려대장간마을,공립,031-550-2363,경기도 구리시 우미내길 41 (아천동)
외교박물관,국립,02-3497-8700,서울특별시 서초구 남부순환로 2572
전기박물관,사립,02-2105-8192,서울특별시 서초구 효령로72길60 한전아트센터
관문사성보박물관,사립,02-3460-5300,서울특별시 서초구 바위뫼로7길 111
인도박물관,사립,02-585-2185,서울특별시 서초구 서초중앙로2길35 광림빌딩
서울서예관,국립,02-580-1282,서울특별시 서초구 남부순환로2406 예술의전당
한가람디자인미술관,국립,02-580-1282,서울특별시 서초구 남부순환로2406 예술의전당
한가람미술관,국립,02-580-1282,서울특별시 서초구 남부순환로2406 예술의전당
유리지공예관,사립,02-578-6663,서울특별시 서초구 중앙로 555
한원미술관,사립,02-588-5642,서울특별시 서초구 남부순환로2423 한원빌딩B1
인천광역시립박물관,공립,032-440-6750,인천광역시 연수구 청량로160번길 26
가천박물관,사립,032-833-4747,인천광역시 연수구 청량로102번길 40-9
경남도립미술관,공립,055-254-4600,경상남도 창원시 의창구 용지로 296(경남도립미술관)
군산근대역사박물관,공립,063-454-7870,전라북도 군산시 해망로 240
양산시립박물관,공립,055-392-3314,경상남도 양산시 북정로78
의성조문국박물관,공립,054-830-6909,경상북도 의성군 금성면 초전1길 83
영암군립하정웅미술관,공립,061-470-6841,전라남도 영암군 군서면 구림로 96
영암도기박물관,공립,061-470-6851,전라남도 영암군 군서면 서호정길 5
상주자전거박물관,공립,054-534-4973,경상북도 상주시 용마로 415
함창 명주박물관,공립,054-541-9260,경상북도 상주시 함창읍 무운로 1593
상주박물관,공립,054-537-6752,경상북도 상주시 경천로 684
허준박물관,공립,02-3661-8686,서울특별시 강서구 허준로 87
겸재정선미술관,공립,02-2659-2206,서울특별시 강서구 양천로47길 36
정읍시립미술관,공립,063-539-6419,전라북도 정읍시 시기4길 7
정읍시립박물관,공립,063-539-6792,전라북도 정읍시 내장산로 370-12
건국대학교박물관,대학,02-450-3880,서울특별시 광진구 능동로 120
세종대학교박물관,대학,02-3408-3277,서울특별시 광진구 능동로21길 37
추사박물관,공립,02-2150-3650,경기도 과천시 추사로 78(주암동)
세계다문화박물관,사립,02-323-6848,서울특별시 은평구 불광로 135
은평역사한옥박물관,공립,02-351-8524,서울특별시 은평구 연서로50길 8
통영옻칠미술관,사립,055-649-5257,경상남도 통영시 용남면 용남해안로 36
전혁림미술관,사립,055-645-7349,경상남도 통영시 봉수1길 10(봉평동)
통영시립박물관,공립,055-646-8371,경상남도 통영시 중앙로 65(도천동)
평강 성서유물박물관,사립,02-2686-9496,서울특별시 구로구 오류로8라길 44
거제박물관,사립,055-687-6790,경상남도 거제시 거제대로 3791
거제민속박물관,사립,055-637-3722,경상남도 거제시 연초면 대금산로 339-7
해금강테마박물관,사립,055-632-0670,경상남도 거제시 남부면 해금강로 120
외도조경식물원,사립,070-7715-3330,경상남도 거제시 일운면 와현리 외도길 17
거제어촌민속전시관,공립,055-639-8270,경상남도 거제시 일운면 지세포해안로 41
포로수용소유적박물관,공립,055-639-8125,경상남도 거제시 계룡로 61
국립해양박물관,국립,051-309-1900,부산광역시 영도구 해양로301번길 45
수도국산달동네박물관,공립,032-770-6133,인천광역시 동구 솔빛로 51(송현동)
진주시립 이성자미술관,공립,055-749-3661,경상남도 진주시 에나로 128번길 14
국립진주박물관,국립,055-742-5951,경상남도 진주시 남강로 626-35
경상대학교 부속박물관,대학,055-772-0601,경상남도 진주시 진주대로 501
진주 청동기문화박물관,공립,055-749-5172,경상남도 진주시 대평면 호반로 1353
삼성 교통박물관,사립,031-320-9900,경기도 용인시 처인구 포곡읍 에버랜드로 376번길 171
한국등잔박물관,사립,031-334-0797,경기도 용인시 처인구 모현면 능곡로56번길 8
명지대학교박물관,사립,031-330-6074,경기도 용인시  처인구 명지로 116
용인대학교박물관,사립,031-8020-3001,경기도 용인시  처인구 용인대학로 134
경희대학교혜정박물관,사립,031-201-2014,경기도 용인시  기흥구 덕영대로 1732
단국대학교석주선기념박물관,사립,031-8005-2389,경기도 용인시  수지구 죽전로 152
경기도박물관,공립,031-288-5300,경기도 용인시  기흥구 상갈로 6
경기도어린이박물관,공립,031-270-8636,경기도 용인시  기흥구 상갈로 6
한국민속촌박물관,사립,031-288-0000,경기도 용인시  기흥구 민속촌로 90
삶의이야기가있는집,사립,031-334-4115,경기도 용인시  처인구 원삼면 내동로 50-13
호암미술관,사립,031-320-1800,경기도 용인시  처인구 포곡읍 에버랜드로562번길 38
용인문화유적전시관,공립,031-324-4796,경기도 용인시  기흥구 동백3로 79
예아리박물관,사립,031-323-7277,경기도 용인시  백암면 원설로 270번길 25
신영숙컬렉션박물관,사립,031-282-8845,경기도 용인시  기흥구 흥덕4로 63
설민민화박물관,사립,031-336-1541,경기도 용인시  처인구 동부로 823
한국미술관,사립,031-284-6418,경기도 용인시  기흥구 마북로 244-2
이영미술관,사립,031-213-8223,경기도 용인시  기흥구 흥덕4로 63
마가미술관,사립,031-334-0365,경기도 용인시  처인구 모현면 문형동림로101번길 37
백남준아트센터,공립,031-201-8500,경기도 용인시 기흥구 상갈로 6
안젤리미술관,사립,031-323-1968,경기도 용인시  처인구 이원로 244
청량산박물관,공립,054-679-6672,경상북도 봉화군 명호면 광석길 39
충재박물관,공립,054-674-0963,경상북도 봉화군 봉화읍 충재길 60
울산박물관,공립,052-222-8501,울산광역시 남구 두왕로 277
울산암각화박물관,공립,052-229-4797,울산광역시 울주군 두동면 반구대안길 254
울산대곡박물관,공립,052-229-6638,울산광역시 울주군 두동면 서하천전로 257
동두천시 경기북부어린이박물관,공립,031-860-2860,경기도 동두천시 평화로 2910번길 46
자유수호평화박물관,공립,031-860-3333,경기도 동두천시 평화로 2910번길 96-63
대구미술관,공립,053-803-7900,대구광역시 수성구 미술관로 40(삼덕동)
가일미술관,사립,031-584-4722,경기도 가평군 청평면 북한강로 1549
남송미술관,사립,031-581-0772,경기도 가평군 북면 백둔로 322
설미재미술관,사립,031-585-6276,경기도 가평군 설악면 유명로 1454-38
일지미술관,사립,031-585-0180,경기도 가평군 조종면 운악청계로 140
남해유배문학관,공립,055-860-8626,경상남도 남해군 남해읍 남해대로 2745
보물섬마늘나라,공립,055-860-3986,경상남도 남해군 이동면 남해대로 2443
덕포진교육박물관,사립,031-989-8580,경기도 김포시 대곶면 덕포진로103번길 90
보름산미술관,사립,031-985-0005,경기도 김포시 고촌읍 수기로 100-78
CICA미술관,사립,031-988-6363,경기도 김포시 양촌읍 삼도로 196-30
다도박물관,사립,031-998-1000,경기도 김포시 월곶면 애기봉로275번길 187-51
CICA미술관,사립,031-988-6363,경기도 김포시 삼도로 196-30
보름산미술관,사립,031-985-0005,경기도 김포시 수기로 100-78
외할머니의 부엌,사립,031-984-1993,경기도 김포시 덕포진로 103번길 95-7
김포다도박물관,사립,031-998-1000,경기도 김포시 애기봉로 275번길 187-49
덕포진교육박물관,사립,031-989-8580,경기도 김포시 덕포진로 103번길 90
청주고인쇄박물관,공립,043-201-4262,충청북도 청주시 흥덕구 직지대로 713
청주시립미술관,공립,043-201-2650,충청북도 청주시 서원구 충렬로18번길 50
여수민속전시관,공립,061-683-2231,전라남도 여수시 율촌면 서부로 1442
아쿠아플라넷여수,사립,061-660-1111,전라남도 여수시 오동도로 61-11
서대문자연사박물관(3월~10월),공립,02-330-8899,서울특별시 서대문구 연희로 32길 51
서대문자연사박물관(11월~2월),공립,02-330-8899,서울특별시 서대문구 연희로 32길 51
서대문형무소역사관(3월~10월),공립,02-360-8585,서울특별시 서대문구 통일로 251
서대문형무소역사관(11월~12월),공립,02-360-8585,서울특별시 서대문구 통일로 251
산청한의학박물관,공립,055-970-6623,경상남도 산청군 금서면 동의보감로555번길 45-6
산청박물관,공립,070-8990-2133,경상남도 산청군 생초면 산수로 1064
한국족보박물관,공립,042-582-4445,대전광역시 중구 뿌리공원로 79(침산동)
63아트,사립,02-789-5663,서울특별시 영등포구 63로 50
63아쿠아플라넷,사립,02-789-5663,서울특별시 영등포구 63로 50
한국잡지박물관,사립,02-360-0041,서울특별시 영등포구 여의대방로 67길 11
증도갯벌생태전시관,공립,061-275-8400,전라남도 신안군 증도면 지도증도로 1766-4
하의3도농민운동기념관,공립,061-240-8865,전라남도 신안군 하의면 대리 35-9
증도소금박물관,사립,061-275-0829,전라남도 신안군 증도면 지도증도로 1058
저녁노을미술관,공립,061-271-1145,전라남도 신안군 압해읍 수락길 350
박득순미술관,사립,02-502-4646,전라남도 신안군 흑산면 진마을길 53
의병박물관,공립,055-570-2345,경상남도 의령군 의령읍 충익로 1-25
록봉민속교육박물관,사립,051-892-5997,부산광역시 강서구 가덕해안로 741
옥천향토전시관,공립,043-730-3417,충청북도 옥천군 안내면 장계1길 57
가산박물관,사립,043-733-9129,충청북도 옥천군 안내회남로 310-5
엄미술관,사립,031-222-9188,경기도 화성시 봉담읍 오궁길 37
향토박물관,공립,031-369-6376,경기도 화성시 향남읍 행정동로 96
용주사효행박물관,사립,031-232-0660,경기도 화성시 용주로 136
수원대학교박물관,대학,031-220-2341,경기도 화성시 봉담읍 와우안길 17
박수근미술관,공립,033-480-2662,강원도 양구군 양구읍 박수근로 265-15
양구백자박물관,공립,033-480-2664,강원도 양구군 방산면 평화로 5182
양구선사박물관,공립,033-480-2677,강원도 양구군 양구읍 금강산로 439-54
양구근현대사박물관,공립,033-482-1945,강원도 양구군 양구읍 금강산로 439-51
양구인문학박물관,공립,033-482-9800,강원도 양구군 양구읍 파로호로 869번길 101
쌀문화관,국립,031-632-6607,경기도 이천시 모가면 공원 48
시흥역사자료전시관,공립,031-317-0827,경기도 시흥시 연성로 13번길 3 조은프라자 1층
창조자연사박물관,사립,031-435-1009,경기도 시흥시 두문로 71번길 4
소전미술관,사립,031-313-1211,경기도 시흥시 소래산길 41
한국최초 성경전래지 기념관,사립,041-951-1816,충청남도 서천군 서면 서인로 89-12
월남이상재선생 전시관,사립,041-950-4225,충청남도 서천군 한산면 종단길 71
서천 이하복 고택 전시관,공립,041-951-4741,충청남도 서천군 기산면 신막로 57번길 32-3
고성탈박물관,공립,055-670-2948,경상남도 고성군 고성읍 율대2길 23
고성박물관,공립,055-670-5822,경상남도 고성군 고성읍 송학로 113번길 50
고성공룡박물관,공립,055-670-4451,경상남도 고성군 하이면 자란만로 612
어진박물관,공립,063-231-0090,전라북도 전주시 완산구 태조로 44 경기전 경내
전주역사박물관,공립,063-228-6485,전라북도 전주시 완산구 쑥고개로 259
전주미술관,사립,063-283-8887,전라북도 전주시 완산구 기린대로 85 르윈호텔 B1
교동아트미술관,사립,063-287-1244,전라북도 전주시 완산구 경기전길 89
애니메이션박물관,공립,033-245-6444,강원도 춘천시 박사로 854
권진규미술관,사립,033-243-2111,강원도 춘천시 동면 금옥길 228
이상원미술관,사립,033-255-9001,강원도 춘천시 사북면 화악지암길 99
춘천미술관,공립,033-241-1856,강원도 춘천시 서부대성로 71
LIUSEUM 세계민족악기전시관,사립,031-580-8016,강원도 춘천시 남산면 방하리 197
한림대학교박물관,대학,033-248-2851,강원도 춘천시 한림대학길 1
강원대학교박물관,대학,033-250-8075,강원도 춘천시 강원대학길 1
춘천막국수체험박물관,공립,033-244-8869,강원도 춘천시 신북읍 신북로 264
인형극박물관,공립,033-242-8450,강원도 춘천시 영서로 3017
KT&G 상상마당 춘천 아트센터,사립,033-818-3200,강원도 춘천시 스포츠타운길399번길 25 어린이회관
공주민속극박물관,사립,041-855-4933,충청남도 공주시 의당면 돌모루2길 17-15
임립미술관,사립,041-856-7749,충청남도 공주시 계룡면 봉곡길 77-13
석장리박물관,공립,041-840-8924,충청남도 공주시 금벽로 990
충남역사박물관,공립,041-856-8608,충청남도 공주시 국고개길 24
계룡산자연사박물관,사립,042-825-4052,충청남도 공주시 임금봉길 49-25
동산박물관,사립,000-0000-0000,충청남도 공주시 반포면 정광터1길 108-8
DMZ박물관,국립,033-681-0625,강원도 고성군 현내면 통일전망대로 369
화진포역사안보전시관,국립,033-680-3363,강원도 고성군 거진읍 화진포길 280
화진포해양박물관,국립,033-680-3674,강원도 고성군 현내면 화진포길 412
6.25전쟁체험기념관,국립,033-682-6625,강원도 고성군 현내면 통일전망대로 453
화진포생태박물관,국립,033-681-8311,강원도 고성군 거진읍 화진포길 278
진부령미술관,국립,033-681-7667,강원도 고성군 간성읍 흘리 32-25 진부령미술관
천안박물관,공립,041-521-2891,충청남도 천안시 동남구 천안대로 429-13
유관순열사기념관,공립,041-521-2821,충청남도 천안시 동남구 유관순길 38
이동녕기념관,공립,041-521-2821,충청남도 천안시 동남구 목천읍 동리4길 38
독립기념관,사립,041-560-0500,충청남도 천안시 동남구 목천읍 삼방로 95
복권박물관,사립,02-2073-7755,충청남도 천안시 동남구 문암로 283
도계민화박물관,사립,041-551-6886,충청남도 천안시 동남구 정골1길 73-9
백석대학교 기독교박물관,대학,041-850-8733,충청남도 천안시 동남구 문암로 76
천안예술의전당미술관,공립,041-901-6610,충청남도 천안시 동남구 목천읍 종합휴양지로 185
리각미술관,사립,070-4111-3463,충청남도 천안시 동남구 태조산길 245
삼척시립박물관,공립,033-575-0768,강원도 삼척시 엑스포로 54
포천역사문화관,공립,031-538-3029,경기도 포천시 중앙로34번길 8
문경도자기박물관,공립,054-550-6416,경상북도 문경시 문경읍 문경대로 2416
문경석탁박물관,공립,054-550-6422,경상북도 문경시 가은읍 왕능길 112
옛길박물관,공립,054-550-6422,경상북도 문경시 문경읍 새재로 944
문경자연생태박물관,공립,054-550-8384,경상북도 문경시 문경읍 새재1길 45
대전광역시립미술관,국립,042-270-7370,대전광역시 서구 둔산대로 155
대전역사박물관,국립,042-270-8600,대전광역시 유성구 도안대로 398
대전선사박물관,국립,042-270-8640,대전광역시 유성구 노은동로 126
한국족보박물관,국립,042-582-4445,대전광역시 중구 뿌리공원로 79
한밭교육박물관,국립,042-670-2200,대전광역시 동구 우암로 96
화폐박물관,국립,042-870-1400,대전광역시 유성구 과학로 80-67
지질박물관,공립,042-868-3797,대전광역시 유성구 과학로 124
대청댐물문화관,공립,042-930-7332,대전광역시 대덕구 대청로 618-136
옛터민속박물관,사립,042-274-0016,대전광역시 동구 산내로 321-35
대전아쿠아리움,사립,042-226-2100,대전광역시 중구 대사동 보문산공원로 469
충남대학교 박물관,대학,042-821-6042,대전광역시 유성구 대학로 99
충남대학교 자연사박물관,대학,042-821-5292,대전광역시 유성구 대학로 99
한남대학교 중앙박물관,대학,042-629-7696,대전광역시 대덕구 한남로 70
한남대학교 자연사박물관,대학,042-629-7699,대전광역시 대덕구 한남로 70
대전대학교 박물관,대학,042-280-2691,대전광역시 동구 대학로 62
배재대학교 박물관,대학,042-520-5259,대전광역시 서구 배재로 155-40
군위숭덕박물관,국립,054-380-6064,경상북도 군위군 군위읍 동서길50
경북대학교자연사박물관,국립,054-383-7026,경상북도 군위군 효령면 경북대로 2228
손기정기념관,공립,02-364-1936,서울특별시 중구 손기정로 101
경주솔거미술관,공립,054-740-3990,경상북도 경주시 경감로614
울산대학교박물관,대학,052-259-2635,울산광역시 남구 대학로 93 울산대학교
울산박물관,공립,052-222-8501,울산광역시 남구 두왕로 277
장생포고래박물관,공립,052-256-6301,울산광역시 남구 장생포고래로 244
함평군립미술관,공립,061-320-2276,전라남도 함평군 함평읍 곤재로 27
고양어린이박물관,공립,031-839-0300,경기도 고양시 덕양구 화중로 26
가와지볍씨박물관,공립,031-968-3399,경기도 고양시 덕양구 원흥동 고양대로 1695
창녕박물관,공립,055-530-1500,경상남도 창녕군 창녕읍 창밀로 34
비봉리 패총전시관,공립,055-530-1515,경상남도 창녕군 부곡면 비봉길 7
부천교육박물관,공립,032-661-1282,경기도 부천시 소사로 482
유럽자기박물관,공립,032-661-0238,경기도 부천시 소사로 482
부천수석박물관,공립,032-655-2900,경기도 부천시 소사로 482
부천활박물관,공립,032-614-2678,경기도 부천시 소사로 482
부천펄벅기념관,공립,032-668-7565,경기도 부천시 성주로 214번길 61
부천옹기박물관,공립,032-684-9057,경기도 부천시 소사로 638
자연생태박물관,공립,032-625-3503,경기도 부천시 원미구 길주로 660
부천로보파크,공립,070-7094-5479,"""경기도 부천시 평천로 655, 401동 1층"""
한국만화박물관,공립,032-310-3040,경기도 부천시 원미구 길주로 1
기지시줄다리기박물관,공립,041-350-4929,충청남도 당진시 송악읍 안틀모시길 11
합덕수리민속박물관,공립,041-350-4931,충청남도 당진시 합덕읍 덕평로 379-9
심훈기념관,공립,041-360-6883,충청남도 당진시 송악읍 상록수길 97
아미미술관,사립,041-353-1555,충청남도 당진시 순성면 남부로 753-4
한국도량형박물관,사립,041-356-9739,충청남도 당진시 산곡길 219-4
녹청자박물관,공립,032-560-2932,인천광역시 서구 도요지로 54
양평친환경농업박물관,공립,031-772-3370,경기도 양평군 용문면 용문산로 670
양평곤충박물관,공립,031-775-8022,경기도 양평군 옥천면 경강로 1496
양평군립미술관,공립,031-775-8513,경기도 양평군 양평읍 문화복지길2
몽양기념관,공립,031-772-2411,경기도 양평군 양서면 몽양길 66
화서기념관,공립,031-774-5326,경기도 양평군 서종면 화서1로 239
황순원문학촌 소나기마을,공립,031-773-2299,경기도 양평군 서종면 소나기마을길24
양림미술관,공립,062-675-7005,광주광역시 남구 제중로 70
독도박물관,공립,054-790-6436,경상북도 울릉군 울릉읍 약수터길 90-17
고창판소리박물관,공립,063-560-8061,전라북도 고창군 고창읍 동리로 100
한국압화박물관,공립,061-780-2096,전라남도 구례군 구례읍 동산1길 29
김천세계도자기박물관,공립,054-420-6726,경상북도 김천시 대항면 직지사길 118
김천시립미술관,공립,054-420-6724,경상북도 김천시 남산공원길 90-14
경북과학대학교박물관,사립,054-972-9796,경상북도 칠곡군 기산면 지산로 483
수양개선사유물전시관,공립,043-423-8502,충청북도 단양군 적성면 수양개유적로 390
불교천태중앙박물관,사립,043-423-9103,충청북도 단양군 영춘면 백자길9
서울교육박물관,공립,02-2011-5780,서울특별시 종로구 북촌로5길 48(화동)
서울역사박물관,공립,02-724-0274,서울특별시 종로구 새문안로 55(신문로2가)
꼭두박물관,사립,02-766-3315,서울특별시 종로구 동숭길 122 동숭아트센터 2층(동숭동)
목인박물관,사립,02-722-5066,서울특별시 종로구 인사동11길 20(견지동)
뮤지엄김치간,사립,02-6002-6256,서울특별시 종로구 인사동길 35-4(관훈동)
불교중앙박물관,사립,02-2011-1960,서울특별시 종로구 우정국로 55 한국불교역사문화기념관(견지동)
신문박물관,사립,02-2020-1830,서울특별시 종로구 세종로 139(서린동)
영인문학관,사립,02-379-3182,서울특별시 종로구 평창30길 81(평창동)
의학박물관,사립,02-2072-2636,서울특별시 종로구 대학로 101 서울대학교병원(연건동)
화정박물관,사립,02-2075-0114,서울특별시 종로구 평창8길 3(평창동)
가회민화박물관,사립,02-741-0466,서울특별시 종로구 북촌로12길 17(가회동)
김달진미술자료박물관,사립,02-730-6216,서울특별시 종로구 홍지문1길 4(홍지동)
떡박물관,사립,02-741-5447,서울특별시 종로구 돈화문로 71(와룡동)
명인박물관,사립,02-766-0272,서울특별시 종로구 북촌로6길 1(가회동)
보나장신구박물관,사립,02-732-6621,서울특별시 종로구 인사동9길 9(관훈동)
북촌동양문화박물관,사립,02-723-0190,서울특별시 종로구 북촌로11길 76(삼청동)
북촌박물관,사립,02-766-8402,서울특별시 종로구 북촌로7길 4(가회동)
북촌생활사박물관,사립,02-736-3957,서울특별시 종로구 북촌로5나길 90(삼청동)
삼성출판박물관,사립,02-394-6544,서울특별시 종로구 비봉길 2-2(구기동)
세계장신구박물관,사립,02-730-1610,서울특별시 종로구 북촌로5나길 2(화동)
쇳대박물관,사립,02-766-6494,서울특별시 종로구 이화장길 100(동숭동)
쉼박물관,사립,02-396-9277,서울특별시 종로구 세검정로 209-17(홍지동)
유금와당박물관,사립,02-394-3451,서울특별시 종로구 창의문로11가길 4(부암동)
춘원당한방박물관,사립,02-367-2005,서울특별시 종로구 돈화문로9길 27(낙원동)
한국색동박물관,사립,02-765-9286,서울특별시 종로구 율곡로10길 85-7(권농동)
한국현대의상박물관,사립,02-734-7340,"""서울특별시 종로구 율곡로 241-2, 9~10층(충신동, 수진빌딩)"""
상명대학교박물관,사립,02-781-7920,서울특별시 종로구 평창문화로 151(평창동)
짚풀생활사박물관,사립,02-743-8787,서울특별시 종로구 성균관로4길 45(명륜2가)
한국미술박물관,사립,02-766-6000,서울특별시 종로구 창덕궁길 73(원서동)
한무숙문학관,사립,02-732-3093,서울특별시 종로구 혜화로9길 20(명륜1가)
서울대학교 치의학대학원 치의학박물관,사립,02-740-8799,서울특별시 종로구 대학로 101(연건동)
성균관대학교 박물관,사립,02-760-1216,서울특별시 종로구 성균관로 25-2(명륜3가)
국립현대미술관(서울관),국립,02-3701-9500,서울특별시 종로구 삼청로 30
OCI 미술관,사립,02-734-0440,서울특별시 종로구 우정국로 45-14
JCC미술관,사립,02-2138-7373,서울특별시 종로구 창경궁로35길 29
금호미술관,사립,02-720-5114,서울특별시 종로구 사간동 78
사비나미술관,사립,02-736-4371,서울특별시 종로구 율곡로 49-4
상원미술관,사립,02-396-3185,서울특별시 종로구 평창31길 27
성곡미술관,사립,02-737-7650,서울특별시 종로구 경희궁길 42
세종문화회관 미술관(세종미술관),사립,02-399-1156,서울특별시 종로구 세종대로 175
아라리오뮤지엄 인스페이스,사립,02-736-5700,서울특별시 종로구 율곡로 83
아르코미술관,사립,02-760-4850,서울특별시 종로구 동숭동 1-130
아트선재센터,사립,02-733-8945,서울특별시 종로구 율곡로3길 87
아트센터 나비 미술관,사립,02-2121-1031,서울특별시 종로구 서린동 99 SK본사빌딩 4층
일민미술관,사립,02-2020-2050,서울특별시 종로구 세종대로 152
자하미술관,사립,02-395-3222,서울특별시 종로구 부암동 362-21
토탈미술관,사립,02-379-7037,서울특별시 종로구 평창32길 8
학아재미술관,사립,02-766-7647,서울특별시 종로구 돈화문로 98
환기미술관,사립,02-391-7701,서울특별시 종로구 자하문로 40길 63
세화미술관,사립,02-2002-7785,"""서울특별시 종로구 새문안로 68, 3층"""
대림미술관,사립,02-720-0667,서울특별시 종로구 자하문로 4길 21
수다라성보박물관,사립,061-352-8097,전라남도 영광군 불갑면 불갑사로 450
우리삶문화옥당박물관,사립,070-7011-6887,전라남도 영광군 백수읍 대신길3길 3
대산미술관,사립,055-291-5237,경상남도 창원시 의창구 대산면 유등로369번길 14-8
삼육대학교 박물관,대학,02-3399-3636,서울특별시 노원구 화랑로 815
서울여자대학교 박물관,대학,02-970-5311,서울특별시 노원구 화랑로 621
인덕대학교 아정미술관,대학,02-950-7331,서울특별시 노원구 초안산로 12
서울과학기술대학교 미술관,대학,02-970-6215,서울특별시 노원구 공릉로 232 서울과학기술대학교 다빈치관 216호 미술관
검단선사박물관,공립,032-440-6790,인천광역시 서구 고산후로121번길 7
송암미술관,공립,032-440-6770,인천광역시 미추홀구 비류대로55번길 68
한국이민사박물관,공립,032-440-4710,인천광역시 중구 월미로 329
인천도시역사관,공립,032-850-6180,인천광역시 연수구 인천타워대로 238
인천광역시립박물관,공립,032-440-6750,인천광역시 연수구 청량로160번길 26
우석헌자연사박물관,사립,031-572-9555,경기도 남양주시 진접읍 금강로 1095
남양주유기농박물관,공립,031-560-1471,경기도 남양주시 조안면 북한강로 881
무의자박물관,사립,02-2279-9755,경기도 남양주시 평내로 9
남양주역사박물관,공립,031-576-0558,경기도 남양주시 와부읍 팔당로 121
프라움악기박물관,사립,031-521-0441,경기도 남양주시 와부읍 경강로 756
덕소자연사박물관,사립,031-521-7166,경기도 남양주시 와부읍 석실로 46-11
예당국악박물관,사립,031-558-4825,경기도 남양주시 강변북로 661번길 21
왈츠와닥터만 커피박물관,사립,031-576-6051,경기도 남양주시 북한강로 856-37
실학박물관,공립,031-579-6001,경기도 남양주시 조안면 다산로 747번길16
미호박물관,사립,031-566-7377,경기도 남양주시 고산로 126번길 15-2
한국탁본자료관,사립,031-576-7908,경기도 남양주시 조안면 운길산로 316
모란미술관,사립,031-594-8001,경기도 남양주시 화도읍 경춘로 2110번길 8
서호미술관,사립,031-592-1865,경기도 남양주시 화도읍 북한강로 1344
둘리뮤지엄,공립,02-990-2200,서울특별시 도봉구 시루봉로 1길 6
서대문자연사박물관,공립,02-330-8899,서울특별시 서대문구 연희로 32길 51
서대문형무소역사관,공립,02-360-8590,서울특별시 서대문구 통일로251
서울교육박물관,공립,02-2011-5780,서울특별시 종로구 북촌로 5길 48
서울상상나라,공립,02-6450-9500,서울특별시 광진구 능동로 216
서울약령시한의약박물관,공립,02-969-9241,서울특별시 동대문구 약령중앙로26
서울역사박물관,공립,02-724-0274,서울특별시 종로구 새문안로 55(신문로2가 2-1)
성북선잠박물관,공립,02-744-0027,서울특별시 성북구 성북로 96(성북동)
손기정기념관,공립,02-364-1936,서울특별시 중구 손기정로 101
수도박물관,공립,02-3146-5936,서울특별시 성동구 왕십리로 27
은평역사한옥박물관,공립,02-351-8524,서울특별시 은평구 연서로50길 8
종로구립 고희동 미술자료관,공립,02-2148-4165,서울특별시 종로구 창덕궁 5길 40
청계천박물관,공립,02-2286-3410,서울특별시 성동구 청계천로 530
한성백제박물관,공립,02-2152-5800,서울특별시 송파구 위례성대로 71
허준박물관,공립,02-3661-8686,서울특별시 강서구 허준로 87
가회민화박물관,사립,02-741-0466,서울특별시 종로구 북촌로 52
경기여자고등학교 경운박물관,사립,02-3463-1336,서울특별시 강남구 삼성로 29
고촌이종근기념관,사립,02-365-6940,서울특별시 서대문구 충정로 8
관문사 성보 박물관,사립,02-3460-5300,서울특별시 서초구 바우뫼로7길111
근현대디자인박물관,사립,070-7010-4346,서울특별시 마포구 와우산로 30길 36
기생충박물관,사립,02-2601-3278,서울특별시 강서구 화곡로 333
김달진미술자료박물관,사립,02-730-6216,서울특별시 종로구 홍지문1길 4
꼭두박물관,사립,02-766-3315,서울특별시 종로구 동숭길 122
농협 농업박물관,사립,02-2080-5727,서울특별시 중구 새문안로 16
세계다문화박물관,사립,02-323-6848,서울특별시 은평구 불광로 135
도산안창호기념관,사립,02-541-1800,서울특별시 강남구 도산대로 45길 20 도산공원내
떡박물관,사립,02-741-5447,서울특별시 종로구 돈화문로 71
롯데월드 아쿠아리움,사립,02-1661-2000,서울특별시 송파구 올림픽로 300
롯데월드 민속박물관,사립,02-411-4760,서울특별시 송파구 올림픽로 240
명인박물관,사립,02-766-0272,서울특별시 종로구 북촌로6길 1
목인박물관,사립,02-722-5066,서울특별시 종로구 인사동 11길 20(견지동)
뮤지엄김치간,사립,02-6002-6456,"""서울특별시 종로구 인사동길 35-4 인사동마루 본관 4,5,6층"""
박을복자수박물관,사립,02-990-7000,서울특별시 강북구 우이동 삼양로 149가길 53
배재학당역사박물관,사립,02-319-5578,서울특별시 중구 서소문로11길 19 배재정동빌딩 동관 배재학당역사박물관
백범김구기념관,사립,02-799-3400,서울특별시 용산구 임정로 26
보나장신구 박물관,사립,02-732-6621,서울특별시 종로구 인사동 9길 9
북촌동양문화박물관,사립,02-723-0190,서울특별시 종로구 북촌로11길 76
북촌박물관,사립,02-766-8402,서울특별시 종로구 북촌로 39
북촌생활사박물관,사립,02-736-3957,서울특별시 종로구 북촌로5나길90(삼청동)
불교중앙박물관,사립,02-2011-1960,서울특별시 종로구 우정국로 55
브이센터 더 라이브 뮤지엄,사립,070-4284-8470,서울특별시 강동구 아리수로61길 103
삼성출판박물관,사립,02-394-6544,서울특별시 종로구 비봉길2-2
샬트르성바오로수녀회 역사박물관,사립,02-3706-3255,서울특별시 중구 명동길 74-2(명동2가)
서울그레뱅뮤지엄,사립,02-777-4700,서울특별시 중구 을지로 23(을지로1가)
서울대학교병원 의학박물관,사립,02-2072-2636,서울특별시 종로구 대학로 101
서울올림픽기념관,사립,02-410-1354,서울특별시 송파구 올림픽로 424
세계골프역사박물관,사립,02-2192-3005,서울특별시 강남구 테헤란로 528(대치동)
세계장신구박물관,사립,02-730-1610,서울특별시 종로구 북촌로 5나길 2
쇳대박물관,사립,02-766-6494,서울특별시 종로구 이화장길 100
쉼박물관,사립,02-396-9277,서울특별시 종로구 세검정로 209-17
신문박물관 PRESSEUM,사립,02-2020-1830,서울특별시 종로구 세종대로 152
아쿠아플라넷63,사립,02-780-6382,서울특별시 영등포구 63로 50
안중근의사기념관,국립,02-3789-1026,서울특별시 중구 소월로 91
영인문학관,사립,02-379-3182,서울특별시 종로구 평창30길 81
우리옛돌박물관,사립,02-986-1001,서울특별시 성북구 대사관로 13길 66
우리은행 은행사박물관,사립,02-2002-5090,서울특별시 중구 소공로 51 우리은행 본점 지하 1층
우석뮤지엄,사립,02-364-8900,서울특별시 서대문구 신촌로129 아트레온 5층
유금와당박물관,사립,02-394-3451,서울특별시 종로구 창의문로 11가길 4
이한열기념관,사립,02-325-7216,서울특별시 마포구 신촌로 12나길 26
이화박물관,사립,02-2175-1964,서울특별시 중구 정동길 26
인도박물관,사립,02-585-2185,"""서울특별시 서초구 서초중앙로2길 35, 2층"""
전기박물관,사립,02-2105-8190,서울특별시 서초구 효령로 72길 60
전쟁과여성인권박물관,사립,02-392-5252,서울특별시 마포구 월드컵북로11길 20호
전쟁기념관,사립,02-709-3139,서울특별시 용산구 이태원로 29번지(용산동 1가)
종이나라박물관,사립,02-2279-7901,서울특별시 중구 장충단로 166 종이나라빌딩 2층
짚풀생활사박물관,사립,02-743-8787,서울특별시 종로구 성균관로 4길 45
초전섬유퀼트박물관,사립,02-753-4075,서울특별시 중구 퇴계로 18길 66
춘원당한방박물관,사립,02-3672-2005,서울특별시 종로구 돈화문로 9길 27
코리아나화장박물관,사립,02-547-9177,서울특별시 강남구 언주로 827(신사동)
탄허기념박물관,사립,02-445-8486,서울특별시 강남구 밤고개로14길 13-51(자곡동)
평강성서유물박물관,사립,02-2686-9496,서울특별시 구로구 오류로8리길 44
피규어뮤지엄W,사립,070-7404-2240,서울특별시 강남구 선릉로158길 3(청담동)
한국가구박물관,사립,02-745-0181,서울특별시 성북구 대사관로 121(성북동)
한국광고박물관,사립,02-2144-0116,서울특별시 송파구 올림픽로35길 137
한국금융사박물관,사립,02-738-6806,서울특별시 중구 세종대로 135-5
한국색동박물관,사립,02-765-9286,"""서울특별시 종로구 율곡로10길, 85-7"""
한국은행 화폐박물관,사립,02-759-4881,서울특별시 중구 남대문로 39
한국잡지박물관,사립,02-360-0041,"""서울특별시 영등포구 여의대방로 67길 11, 잡지화관 B1층"""
한국천주교순교자박물관,사립,02-3142-4504,서울특별시 마포구 토정로 6 (합정동)
한국현대문학관,사립,02-2277-4857,서울특별시 중구 동호로 268
한국현대의상박물관,사립,02-734-7340,"""서울특별시 종로구 율곡로 241-2 수진빌딩 9,10층"""
한무숙 문학관,사립,02-762-3093,서울특별시 종로구 혜화로 9길 20
한익환서울아트박물관,사립,02-796-0100,서울특별시 용산구 한남대로 108
혜곡최순우기념관,사립,02-3675-3401,서울특별시 성북구 성북로 15길 9
호림박물관(신림본관),사립,02-858-3874,서울특별시 관악구 남부순환로152길 53(신림동)
호림박물관(신사분관),사립,02-541-3523,서울특별시 강남구 도산대로 317(신사동)
화정박물관,사립,02-2075-0114,서울특별시 종로구 평창8길 3
건국대학교박물관,대학,02-450-3881,서울특별시 광진구 능동로 120
경희대학교 자연사박물관,대학,02-961-0142,서울특별시 동대문구 경희대로26
경희대학교 중앙박물관,대학,02-961-0141,서울특별시 동대문구 경희대로 26
경희대학교 한의학역사박물관,대학,02-961-2274,서울특별시 동대문구 경희대로 26 경희대학교 한의과대학 403호
고려대학교박물관,대학,02-3290-1514,서울특별시 성북구 안암로 145
국민대학교박물관,대학,02-910-4212,서울특별시 성북구 정릉로 77(정릉동)
덕성여자대학교박물관,사립,02-901-8132,서울특별시 도봉구 삼양로 144길 33
동국대학교 박물관,대학,02-2260-3722,서울특별시 중구 필동로1길 30
삼육대학교박물관,대학,02-3399-3065,서울특별시 노원구 화랑로 815
상명대학교 박물관,대학,02-791-7920,서울특별시 종로구 평창문화로 151
서울대학교치의학대학원치의학박물관,대학,02-740-8799,서울특별시 종로구 대학로 103 서울특별시대학교 치의학대학원
서울대학교박물관,국립,02-880-5333,서울특별시 관악구 관악로 1
서울시립대학교 박물관,대학,02-6490-6586,서울특별시 동대문구 서울특별시립대로 163
서울여자대학교박물관,대학,02-970-5311,서울특별시 노원구 화랑로 621
성균관대학교 박물관,대학,02-760-1216,서울특별시 종로구 성균관로 25-2
성신여자대학교 박물관,대학,02-920-7325,서울특별시 성북구 보문로 34다길 2
성신여자대학교자연사박물관,대학,02-920-2057,서울특별시 강북구 도봉로 76가길 55
성신여자대학교정원박광훈 복식박물관,대학,02-920-2657,서울특별시 강북구 도봉로 76가길 55
세종대학교박물관,대학,02-3408-3876,서울특별시 광진구 능동로 209
숙명여자대학교박물관,대학,02-710-9134,서울특별시 용산구 청파로 47길 100
숙명여자대학교 정영양자수박물관,대학,02-710-9134,서울특별시 용산구 청파로 47길 100
숭실대학교 한국기독교박물관,대학,02-820-0752,서울특별시 동작구 상도로369
연세대학교박물관,대학,02-2123-3340,서울특별시 서대문구 연세로 50
이화여대박물관,대학,02-3277-3152,서울특별시 서대문구 이화여대길 52
이화여자대학교 자연사박물관,대학,02-3277-4700,서울특별시 서대문구 이화여대길 52
한양대학교박물관,대학,02-2220-1394,서울특별시 성동구 왕십리로222
홍익대학교  박물관,대학,02-320-1323,서울특별시 마포구 와우산로 94 홍익대학교 문헌관 3층
동덕여자대학교박물관,사립,02-940-4232,서울특별시 성북구 화랑로13길 60(하월곡동)
겸재정선미술관,공립,02-2659-2206,서울특별시 강서구 양천로4길 36
서울시립미술관,공립,02-2124-8800,서울특별시 중구 덕수궁길 61
남서울미술관,공립,02-598-6245,서울특별시 관악구 남부순환로 2476
성북구립미술관,공립,02-6925-5011,서울특별시 성북구 성북로 134
종로구립 박노수미술관,공립,02-2148-4171,서울특별시 종로구 옥인1길 34
서울과학기술대학교 미술관,대학,02-970-6215,"""서울특별시 노원구 공릉로 232, 다빈치관"""
서울대학교 미술관,대학,02-880-9504,서울특별시 관악구 관악로 1
숙명여자대학교 문신미술관,대학,02-2077-7052,서울특별시 용산구 청파로 47길 100
인덕대학교 아정미술관,대학,02-950-7331,서울특별시 노원구 초안산로 12 은봉관 1F
한양여자대학교 미술관,대학,02-2290-2543,서울특별시 성동구 살곶이길 200
(재)한원미술관,사립,02-588-5642,서울특별시 서초구 남부순환로 2423 한원빌딩 B1
63아트미술관,사립,02-780-6382,서울특별시 영등포구 63로 50
JCC아트센터,사립,02-2183-7373,서울특별시 종로구 창경궁로35길 29
K현대미술관,사립,02-2138-0952,서울특별시 강남구 선릉로 807
OCI미술관,사립,02-734-0440,서울특별시 종로구 우정국로 45-14
김세중미술관,사립,02-717-5129,서울특별시 용산구 효창원로70길 35
금호미술관,사립,02-720-5114,서울특별시 종로구 삼청로 18
대림미술관,사립,02-720-0667,서울특별시 종로구 자하문로4길 21
밀알미술관,사립,02-3412-0061,서울특별시 강남구 일원동 713
사비나미술관,사립,02-736-4371,서울특별시 종로구 율곡로 49-4
삼성미술관 Leeum,사립,02-2014-6900,서울특별시 용산구 이태원로 55길 60-16
상원미술관,사립,02-396-3185,서울특별시 종로구 평창31길 27
성곡미술관,사립,02-737-7650,서울특별시 종로구 경희궁길 42
세종문화회관 미술관(세종미술관),사립,02-399-1156,서울특별시 종로구 세종대로 175
세화미술관,사립,02-2002-7786,서울특별시 종로구 새문안로 68 흥국생명빌딩 3층
소마미술관,사립,02-425-1077,서울특별시 송파구 방이동 올림픽로 424
아라리오뮤지엄 인 스페이스,사립,02-736-5700,서울특별시 종로구 율곡로 83(원서동)
아르코미술관,사립,02-760-4850,서울특별시 종로구 동숭길 3
아모레퍼시픽미술관,사립,02-6040-2345,서울특별시 용산구 한강대로 100
아트선재센터,사립,02-733-8949,서울특별시 종로구 율곡로3길 87
아트센터나비미술관,사립,02-2121-1031,서울특별시 종로구 종로26 4층
한가람미술관,사립,02-580-1300,서울특별시 서초구 남부순환로 2406 예술의전당
한가람디자인미술관,사립,02-580-1300,서울특별시 서초구 남부순환로 2406 예술의전당
예술의전당 서울서예박물관,사립,02-580-1300,서울특별시 서초구 남부순환로 2406
유리지공예관,사립,02-578-6663,서울특별시 서초구 중앙로 555
일민미술관,사립,02-2020-2050,서울특별시 종로구 세종대로 152
자하미술관,사립,02-395-3222,서울특별시 종로구 창의문로5가길46
코리아나미술관,사립,02-547-9177,서울특별시 강남구 언주로 827
토탈미술관,사립,02-379-7037,서울특별시 종로구 평창32길 8
포스코미술관,사립,02-3457-1665,서울특별시 강남구 대치4동 892 포스코센터 내
학아재미술관,사립,02-766-7647,서울특별시 종로구 돈화문로 98
한미사진미술관,사립,02-418-1315,"""서울특별시 송파구 위례성대로 14 한미타워 19, 20층"""
헬로우뮤지움,사립,02-3217-4222,서울특별시 성동구 금호로 72
환기미술관,사립,02-391-7701,서울특별시 종로구 자하문로 40길 63
동아대학교석당박물관,대학,051-200-8493,부산광역시 서구 구덕로 225
동아대학교석당박물관,대학,051-200-8749,부산광역시 서구 구덕로 225
포항시립미술관,공립,054-270-4631,경상북도 포항시 북구 환호공원길 10
영일민속박물관,공립,054-270-5811,경상북도 포항시 북구 흥해읍 한동로 51
수원광교박물관,공립,031-228-4175,경기도 수원시 영통구 광교로 182
수원화성박물관,공립,031-228-4242,경기도 수원시 팔달구 창룡대로 21
수원박물관,공립,031-228-4150,경기도 수원시 영통구 창룡대로 265
수원시립아이파크미술관,공립,031-228-3800,경기도 수원시 팔달구 정조로 833
청송민속박물관,공립,054-870-6094,경상북도 청송군 청송읍 주왕산로 222
군립청송야송미술관,공립,054-872-6436,경상북도 청송군 진보면 경동로 5162
청송수석꽃돌박물관,공립,054-873-2400,경상북도 청송군 부동면 주왕산로 494
목포자연사박물관,공립,061-274-3655,전라남도 목포시 남농로 135
목포생활도자박물관,공립,061-270-8480,전라남도 목포시 남농로 117
사상생활사박물관,공립,051-310-5136,부산광역시 사상구 낙동대로1258번길 36(삼락동)
울주민속박물관,공립,052-237-0855,울산광역시 울주군 온양읍 외고산1길 4-19
울산옹기박물관,공립,052-237-7894,울산광역시 울주군 온양읍 외고산3길 36
울산해양박물관,사립,052-239-6708,울산광역시 울주군 서생면 해맞이로 1251
충렬공박제상기념관,공립,052-229-9531,울산광역시 울주군 두동면 박제상로 200
철박물관,사립,043-883-2321,충청북도 음성군 감곡면 영산로 360
한독의약박물관,사립,043-530-1004,충청북도 음성군 대소면 대풍산단로 78
수양개선사유물전시관,공립,043-423-8502,충청북도 단양군 적성면 수양개유적로 390
불교천태중앙박물관,사립,043-423-9103,충청북도 단양군 영춘면 백자길9
청주고인쇄박물관,공립,043-201-4262,충청북도 청주시 흥덕구 직지대로 713
청주시립미술관,공립,043-201-2650,충청북도 청주시 서원구 충렬로18번길 50
충주고구려천문과학관,국립,043-842-3247,충청북도 충주시 중앙탑면 묘곡내동길 100
세계무술박물관,국립,043-850-6733,충청북도 충주시 남한강로26
충렬사유물전시관,국립,043-850-7302,충청북도 충주시 충열1길 6(단월동)
충주박물관,국립,043-850-3927,충청북도 충주시 중앙탑길 112-28
조동리선사유적박물관,국립,043-850-3991,충청북도 충주시 동량면 조동1길 15
충주과수과학관,국립,043-850-3258,충청북도 충주시 동량면 충원대로 1346
한국교통대학교 박물관,대학,043-841-5696,충청북도 충주시 대소원면 대학로 50
세계술문화박물관,사립,043-855-7333,충청북도 충주시 중앙탑면 묘곡내동길 100
제천유물전시관,공립,043-641-5532,충청북도 제천시 청풍면 청풍호로 2048
제천의병전시관,공립,043-641-4808,충청북도 제천시 봉양읍 의암로 566-7
국제한방발효박물관,공립,043-653-9550,충청북도 제천시 한방엑스포로 19
지적박물관,사립,043-651-5115,충청북도 제천시 금성면 양월로 34
옥천향토전시관,공립,043-730-3417,충청북도 옥천군 안내면 장계1길 57
영동군 난계국악박물관,공립,043-740-3886,충청북도 영동군 심천면 국악로 9
증평민속체험박물관,공립,043-835-4161,충청북도 증평군 증평읍 둔덕길 89
진천종박물관,국립,043-539-3847,충청북도 진천군 진천읍 백곡로 1504-12
진천군립생거판화미술관,국립,043-539-3607,충청북도 진천군 진천읍 백곡로 1504-10
농업역사박물관,국립,043-830-2684,충청북도 괴산군 괴산읍 충민로 검승1길 6
보령박물관,공립,041-930-4947,충청남도 보령시 대흥로 63
보령석탄박물관,공립,041-934-1902,충청남도 보령시 성주산로 508
모산조형미술관,사립,041-933-8100,충청남도 보령시 성주산로 673-24
반달미술관(여주세계생활도자관),공립,031-884-8644,경기도 여주시 신륵사길 7
여주산림박물관,공립,031-887-2741,경기도 여주시 황확산수목원길 73
목아박물관,사립,031-885-9952,경기도 여주시 강천면 이문안길 21
여성생활사박물관,사립,031-882-8100,경기도 여주시 강천면 강천로 324-20
한얼테마박물관,사립,031-881-6316,경기도 여주시 대신면 대신1로 298
어우재미술관,사립,031-883-9080,경기도 여주시 점동면 어우실길 261
죽포미술관,사립,031-881-5905,경기도 여주시 산북면 고촌길 26-10
곤충박물관,사립,031-885-1400,경기도 여주시 명성로 342
성지박물관,사립,031-884-0118,경기도 여주시 하거3길 61-98
여주시립폰박물관,공립,031-887-3548,경기도 여주시 강변유원지길 105
명성황후기념관,공립,031-880-4022,경기도 여주시 산북면 명성로 71
여주박물관,공립,031-887-3583,경기도 여주시 신륵사길 6-12
향토사료관,공립,031-345-3666,경기도 의왕시 골우물길 49
철도박물관,사립,031-461-3610,경기도 의왕시 철도박물관로 142
경산시립박물관,공립,053-804-7314,경상북도 경산시 박물관로 46
삼성현역사문화관,공립,053-804-7329,경상북도 경산시 남산면 삼성현공원로 59
한얼문예박물관,사립,033-345-0151,강원도 횡성군 우천면 경강로 2885-2
대한민국 술테마박물관,공립,063-290-3842,전라북도 완주군 구이면 덕천전원길 232-58
온양민속박물관,사립,041-542-6001,충청남도 아산시 충무로 123
영인산산림박물관,공립,041-538-1946,충청남도 아산시 염치읍 아산온천로 16-30
외암민속관,공립,041-536-8497,충청남도 아산시 송악면 외암민속길 5
공세리성당박물관,사립,041-533-8181,충청남도 아산시 인주면 공세리성당길 10
정린박물관,사립,041-549-4005,충청남도 아산시 배방읍 휴대길 132-3
당림미술관,사립,041-543-6969,충청남도 아산시 송악면 외암로1182번길 34-16
진안가위박물관,사립,063-432-3232,전라북도 진안군 진안읍 마이산로 258
진안역사박물관,국립,063-430-8085,전라북도 진안군 진안읍 내사양길7
용담호사진문화관,국립,063-430-2325,전라북도 진안군 정천면 진용로 2216
수몰문화미술관,국립,063-430-2325,전라북도 진안군 진안읍 마이산로 130
화천민속박물관,공립,033-440-2549,강원도 화천군 하남면 춘화로 3337
보은향토민속자료전시관,공립,043-540-3898,충청북도 보은군 보은읍 군청길 38
솔향공원 소나무전시관,공립,043-540-3774,충청북도 보은군 속리산면 속리산로 600
옥천골미술관,공립,063-650-1638,전라북도 순창군 순창읍 남계로 81
섬진강미술관,공립,063-653-2296,전라북도 순창군 적성면 평남길 113
순창장류박물관,공립,063-650-1627,전라북도 순창군 순창읍 장류로 43
한신대학교박물관,대학,031-379-0195,경기도 오산시 한신대길 137
유엔군초전기념관,공립,031-377-1625,경기도 오산시 경기대로 742
호림박물관,사립,02-858-2500,서울특별시 관악구 남부순환로152길 53
서울대학교 박물관,대학,02-880-5332,서울특별시 관악구 관악로 1
서울시립 남서울미술관,공립,02-598-6247,서울특별시 관악구 남부순환로 2082
서울대학교 미술관,대학,02-880-9504,서울특별시 관악구 관악로 1
윤봉길의사기념관,공립,041-337-4108,충청남도 예산군 덕산면 덕산온천로 183-5
한국고건축박물관,사립,041-337-5877,충청남도 예산군 덕산면 흥덕서로 543
수덕사근역성보관,사립,041-337-2902,충청남도 예산군 덕산면 수덕사안길 79
한국문인인장박물관,사립,031-302-0591,충청남도 예산군 광시면 운산2길 111-6
한국토종씨앗박물관,사립,000-000-0000,충청남도 예산군 대술면 시산서길 64-9
수덕사선미술관,사립,041-338-9900,충청남도 예산군 덕산면 사천리 17-4
부산대박물관,대학,051-510-1838,부산광역시 금정구 부산대학로63번길 2 효원문화회관
범어사성보박물관,사립,051-508-6139,부산광역시 금정구 범어사로 250 범어사
오륜대한국순교자박물관,사립,051-583-2923,부산광역시 금정구 오륜대로 106-1
킴스아트필드미술관,사립,051-517-6800,부산광역시 금정구 죽전1길 29
인하대학교박물관,대학,032-860-8260,인천광역시 미추홀구 인하로 100
국제성서박물관,사립,032-874-0385,인천광역시 미추홀구 경인로349번길 9
불교사리박물관,사립,032-875-2384,인천광역시 미추홀구 햇골길 37
범패박물관,사립,032-886-0029,인천광역시 미추홀구 경인로70번길 11-13
송암미술관,공립,032-440-6770,인천광역시 미추홀구 비류대로55번길 68
인천어린이박물관,사립,032-432-5600,인천광역시 미추홀구 매소홀로 618
송암박두성기념관,공립,032-876-3500,인천광역시 미추홀구 한나루로길 357번길 105-19
오죽헌/시립박물관,공립,033-660-3300,강원도 강릉시 율곡로 3139번길 24
대관령박물관,공립,033-660-3300,강원도 강릉시 대관령옛길1
강릉시립미술관,공립,033-640-4271,강원도 강릉시 화부산로 40번길 46
오산리선사유적박물관,공립,033-670-2442,강원도 양양군 손양면 학포길 33
일현미술관,사립,033-670-8450,강원도 양양군 손양면 동호리 191-8
영양산촌박물관,공립,054-680-5367,경상북도 영양군 입암면 영양로 963
월정사 성보박물관,사립,033-339-7000,강원도 평창군 진부면 오대산로 176
고려궁박물관,사립,033-336-1111,강원도 평창군 대관령면 올림픽로 1169
성호기념관,공립,031-481-2574,경기도 안산시 상록구 성호로 131
최용신기념관,공립,031-481-3040,경기도 안산시 상록구 샘골서길 64
안산향토사박물관,공립,031-415-0041,경기도 안산시 상록구 석호로 144
안산어촌민속박물관,공립,032-886-2912,경기도 안산시 단원구 대부황금로 7
단원미술관,공립,031-481-0505,경기도 안산시 상록구 충장로 422
맥아트미술관,사립,032-888-6262,경기도 안산시 단원구 부흥로 254
유리섬미술관,사립,032-888-6262,경기도 안산시 단원구 부흥로 254
정문규미술관,사립,032-881-2753,경기도 안산시 단원구 대부황금로 153-9
종이미술관,사립,032-887-0606,경기도 안산시 단원구 대남로 233
이풀실내정원,사립,031-437-2525,경기도 안산시 상록구 반월천북길 139-18
영동군 난계국악박물관,공립,043-740-3886,충청북도 영동군 심천면 국악로 9
충주고구려천문과학관,국립,043-842-3247,충청북도 충주시 중앙탑면 묘곡내동길 100
세계무술박물관,국립,043-850-6733,충청북도 충주시 남한강로26
충렬사유물전시관,국립,043-850-7302,충청북도 충주시 충열1길 6(단월동)
충주박물관,국립,043-850-3927,충청북도 충주시 중앙탑길 112-28
조동리선사유적박물관,국립,043-850-3991,충청북도 충주시 동량면 조동1길 15
충주과수과학관,국립,043-850-3258,충청북도 충주시 동량면 충원대로 1346
한국교통대학교 박물관,대학,043-841-5696,충청북도 충주시 대소원면 대학로 50
세계술문화박물관,사립,043-855-7333,충청북도 충주시 중앙탑면 묘곡내동길 100
관아갤러리,공립,043-850-3911,충청북도 충주시 관아5길 10
성마루미술관,사립,043-853-1883,충청북도 충주시 대소원면 장성길 38-1
외솔기념관,공립,052-290-4828,울산광역시 중구 병영12길 15
고은사진미술관,사립,051-746-0055,부산광역시 해운대구 해운대로 452번길 16 [48089]
최북미술관,공립,063-320-5636,전라북도 무주군 무주읍 한풍루로 15
반디랜드 곤충박물관,공립,063-324-1188,전라북도 무주군 설천면 무설로 1324
철박물관,사립,043-883-2321,충청북도 음성군 감곡면 영산로 360
한독의약박물관,사립,043-530-1004,충청북도 음성군 대소면 대풍산단로 78
순천시립뿌리깊은나무박물관,공립,061-749-8858,전라남도 순천시 낙안면 평촌3길45
순천시기독교역사박물관,공립,061-749-4532,전라남도 순천시 매산길61
고암 이응노생가 기념관,공립,041-630-9232,충청남도 홍성군 홍북면 이응노로 61-7
결성농요농사박물관,공립,041-642-1993,충청남도 홍성군 결성면 구성남로 91
홍주성 역사관,공립,041-630-9240,충청남도 홍성군 홍성읍 아문길 20
한국식기박물관,사립,041-642-3833,충청남도 홍성군 장곡면 무한로 957-24
대담,사립,061-381-0082,전라남도 담양군 담양읍 언골길 5-4
보임쉔,사립,061-383-6473,전라남도 담양군 대전면 신룡길 79-3
나야나,사립,061-380-0080,전라남도 담양군 담양읍 언골길 7-12
담양우표,사립,061-383-3863,전라남도 담양군 대전면 대치9길 16
미암,사립,061-381-1239,전라남도 담양군 대덕면 장동길 76
속초시박물관,공립,033-639-2978,강원도 속초시 신흥2길 16
부산광역시립미술관,공립,051-744-2602,부산광역시 해운대구 APEC로 55
부산현대미술관,공립,051-220-7400,부산광역시 사하구 낙동남로 1191(하단동)
안성맞춤박물관,공립,031-676-4352,경기도 안성시 대덕면 서동대로 4726-15
안성3.1운동기념관,공립,031-678-2507,경기도 안성시 원곡면 만세로 868
조병화문학관,사립,031-674-0307,경기도 안성시 양성면 난실길 14-1
DIMA MOA,대학,031-670-6938,경기도 안성시 삼죽면 동아예대길 47
경기여고경운박물관,사립,02-3463-1336,서울특별시 강남구 삼성로 29 경기여고 100주년기념관
세계골프역사박물관,사립,02-2192-3005,서울특별시 강남구 테헤란로 528
코리아나 화장박물관,사립,031-722-7000,서울특별시 강남구 언주로 827(신사동)
도산안창호기념관,사립,02-541-1800,서울특별시 강남구 도산대로45길 20
관세박물관,국립,02-510-1082,서울특별시 강남구 언주로 721
탄허기념박물관,사립,02-445-8486,서울특별시 강남구 밤고개로14길
호림박물관 신사분관,사립,02-858-2500,서울특별시 강남구 도산대로 317
포스코미술관,사립,02-3457-1665,서울특별시 강남구 테헤란로 440 포스코센터
코리아나미술관,사립,031-722-7000,서울특별시 강남구 언주로 827
밀알미술관,사립,02-3412-0061,서울특별시 강남구 일원로 90
피규어뮤지엄W,사립,070-7404-2240,서울특별시 강남구 청담동 84-9
K현대미술관,사립,02-2138-0952,서울특별시 강남구 신사동 666-7
안상철미술관,사립,031-874-0734,경기도 양주시 백석읍 권율로 905
필룩스조명박물관,사립,070-7780-8911,경기도 양주시 광적면 광적로 235-48
청암박물관,사립,03-855-5100,경기도 양주시 장흥면 권율로 83-5 (장흥관광지 입구)
양주시립장욱진미술관,공립,031-8082-4245,경기도 양주시 장흥면 권율로 193
가나아트파크,사립,031-877-0500,경기도 양주시 장흥면 권율로 117
울진봉평신라비전시관,국립,054-789-5460,경상북도 울진군 죽변면 봉화길 15
향암미술관,사립,054-787-0001,경상북도 울진군 온정면 백암온천로 1388
제천유물전시관,공립,043-641-5532,충청북도 제천시 청풍면 청풍호로 2048
제천의병전시관,공립,043-641-4808,충청북도 제천시 봉양읍 의암로 566-7
국제한방발효박물관,공립,043-653-9550,충청북도 제천시 한방엑스포로 19
지적박물관,사립,043-651-5115,충청북도 제천시 금성면 양월로 34
부평역사박물관,공립,032-515-6471,인천광역시 부평구 굴포로 151
진천종박물관,국립,043-539-3847,충청북도 진천군 진천읍 백곡로 1504-12
진천군립생거판화미술관,국립,043-539-3607,충청북도 진천군 진천읍 백곡로 1504-10
화폐박물관,사립,031-949-6592,경기도 파주시 탄현면 헤이리마을길 93-89
기산미술관,사립,031-943-8232,경기도 파주시 광탄면 기산리 186번길 59
블루메미술관,사립,031-944-6324,경기도 파주시 탄현면 헤이리마을길 59-30
미메시스아트뮤지엄,사립,031-955-4100,경기도 파주시 문발로 253
아트센터화이트블럭,사립,031-992-4400,경기도 파주시 탄현면 헤이리마을길 72
피노키오뮤지엄,사립,031-8035-6773,경기도 파주시 회동길 152
벽봉한국장신구박물관,사립,031-949-0848,경기도 파주시 탄현면 헤이리마을길 48-38
영집궁시전시관,사립,031-944-6800,경기도 파주시 탄현면 국원말길 168
파주나비나라박물관,사립,031-955-3727,경기도 파주시 광인사길 161
한국근현대사박물관,사립,031-957-1125,경기도 파주시 탄현면 헤이리마을길 59-85
한길책박물관,사립,031-949-9786,경기도 파주시 탄현면 헤이리마을길 59-6
세계민속악기박물관,사립,031-946-9838,경기도 파주시 탄현면 헤이리마을길 63-26
두루뫼사료관,사립,031-958-6101,경기도 파주시 법원읍 초리골길 278
한향림옹기박물관,사립,070-4161-7271,경기도 파주시 탄현면 헤이리마을길 96-43
세계인형박물관,사립,031-947-2575,경기도 파주시 탄현면 헤이리 마을길 76-100
타임앤블레이드박물관,사립,031-949-5675,경기도 파주시 탄현면 헤이리마을길 41
함안박물관,공립,055-580-3905,경상남도 함안군 가야읍 고분길 153-31
함안박물관,공립,055-580-3905,경상남도 함안군 가야읍 고분길 153-31
함안박물관,공립,055-580-3905,경상남도 함안군 가야읍 고분길 153-31
함안박물관,공립,055-580-3905,경상남도 함안군 가야읍 고분길 153-31
한양여자대학교 미술관,대학,02-2290-2506,서울특별시 성동구 살곶이길 200
헬로우뮤지움 동네미술관,사립,02-562-4420,서울특별시 성동구 금호로 72
한양대학교 박물관,대학,02-2220-1394,서울특별시 성동구 왕십리로 222
수도박물관,공립,02-3146-5921,서울특별시 성동구 왕십리로27
청계천박물관,공립,02-2286-3410,서울특별시 성동구 청계천로 530
충현박물관,사립,02-898-0505,경기도 광명시 오리로347번길 5-6
극재미술관,대학,053-620-2381,대구광역시 남구 명덕로 104
태백고생대자연사박물관,공립,033-581-3131,강원도 태백시 태백로 2249
태백석탄박물관,공립,033-552-7720,강원도 태백시 천제단길 195
고남패총박물관,공립,041-670-5617,충청남도 태안군 고남면 안면대로 4270-6
보성군립백민미술관,공립,061-853-0003,전라남도 보성군 보성읍 문덕면 죽산길 168-14
한국차박물관,공립,061-852-0918,전라남도 보성군 보성읍 녹차로 775
함양박물관,공립,055-960-5532,경상남도 함양군 함양읍 필봉산길 55
박물관수,사립,053-744-5500,대구광역시 수성구 국채보상로186길 79
대구은행금융박물관,사립,053-740-2061,대구광역시 수성구 달구벌대로 2310
국립대구박물관,국립,053-768-6051,대구광역시 수성구 청호로 321
증평민속체험박물관,공립,043-835-4161,충청북도 증평군 증평읍 둔덕길 89
